alpha,normalized_output_error,ood_score_mean_rolling_spread,monitor_fired_fraction,raw_output_error
0.0000,0.000000,6.927260,0.010508,0.000000
0.0500,0.071900,6.941594,0.005254,0.086329
0.1000,0.139640,6.910200,0.001751,0.167663
0.1500,0.205533,7.006743,0.001751,0.246780
0.2000,0.279674,6.837027,0.028021,0.335799
0.2500,0.352714,6.668527,0.035026,0.423497
0.3000,0.408782,6.635946,0.007005,0.490817
0.3500,0.469191,6.439291,0.073555,0.563350
0.4000,0.530163,6.339684,0.061296,0.636557
0.4500,0.594773,6.055181,0.147110,0.714134
0.5000,0.641235,5.920256,0.206655,0.769920
0.5500,0.698420,5.789282,0.234676,0.838581
0.6000,0.718576,5.924820,0.238179,0.862782
0.6500,0.777365,5.612828,0.323993,0.933368
0.7000,0.806527,5.320036,0.465849,0.968383
0.7500,0.859175,5.089705,0.565674,1.031596
0.8000,0.877407,5.159003,0.548161,1.053487
0.8500,0.923795,4.926219,0.572680,1.109185
0.9000,0.940434,4.950983,0.597198,1.129163
0.9500,0.950762,4.890239,0.665499,1.141563
1.0000,1.000000,4.568337,0.704028,1.200683
